{
  "version": 1,
  "author": "Anonymous maker",
  "editor": "wokwi",
  "parts": [
    { "type": "wokwi-arduino-uno", "id": "uno", "top": 0, "left": 0, "attrs": {} },
    {
      "type": "wokwi-slide-potentiometer",
      "id": "pot1",
      "top": 254.6,
      "left": 95,
      "attrs": { "travelLength": "30" }
    }
  ],
  "connections": [
    [ "uno:4", "uno:2", "green", [ "v-18.6", "h12.9" ] ],
    [ "uno:3", "uno:5", "green", [ "v-28.2", "h-15.8" ] ],
    [ "pot1:SIG", "uno:A0", "green", [ "h0", "v-96.8", "h105.6" ] ]
  ],
  "dependencies": {}
}